feature,importance
Age,0.23689209012286142
NumOfProducts,0.18773773030290844
IsActiveMember,0.13373011017802597
Balance,0.02940798909914504
Tenure,0.017032241827600814
CreditScore,0.014451499561327874
EstimatedSalary,0.0018148172004665674
HasCrCard,-0.004186126773875909
