feature,importance
Age,0.2412962405833458
NumOfProducts,0.18781734836595626
IsActiveMember,0.13433195850746543
Balance,0.031925109860175827
Tenure,0.020654324546447844
CreditScore,0.016404938651635392
EstimatedSalary,0.0032368047298577006
HasCrCard,-0.004181187363527639
