feature,importance
CreditScore,0.030056434745142174
Age,0.02424008458329775
Balance,0.0059912768251315
NumOfProducts,0.0
HasCrCard,0.0
IsActiveMember,0.0
Tenure,-0.003485566181070697
EstimatedSalary,-0.00348914112074359
