feature,importance
Age,0.23882071462589188
NumOfProducts,0.18373112844480777
IsActiveMember,0.13433195850746543
Balance,0.027235751591874878
Tenure,0.019368145735703158
CreditScore,0.015294047614424234
EstimatedSalary,0.004115572780610854
HasCrCard,-0.004181187363527639
