feature,importance
Age,0.23149098222789927
NumOfProducts,0.1877501950039902
IsActiveMember,0.13318342839081992
Balance,0.027309045189973125
Tenure,0.018137450103169937
CreditScore,0.008447736458266242
HasCrCard,-0.0032066481200974106
EstimatedSalary,-0.0032782757185253033
