feature,importance
Age,0.23685501520164842
NumOfProducts,0.1801833178394377
IsActiveMember,0.13189200727977796
Balance,0.029652607384241136
Tenure,0.018449112603438334
CreditScore,0.01732933945357973
EstimatedSalary,0.003252084823139412
HasCrCard,-0.002195374415551887
