feature,importance
Age,0.23930472344240936
NumOfProducts,0.18719464666332614
IsActiveMember,0.13399085780929693
Balance,0.026806556721371867
Tenure,0.020652430068850026
CreditScore,0.015694365981772474
EstimatedSalary,0.0038779041962479386
HasCrCard,-0.004418855947890554
