feature,importance
Age,0.23961550155250727
NumOfProducts,0.18404488341025463
IsActiveMember,0.13562062773692984
Balance,0.03042168062174764
Tenure,0.02042409174493327
CreditScore,0.015698982271359775
EstimatedSalary,0.0038779041962479386
HasCrCard,-0.004181187363527639
