feature,importance
Age,0.24242636672442286
NumOfProducts,0.1875750322077304
IsActiveMember,0.07128269716941335
Balance,0.05434999631298909
CreditScore,0.013275901392554568
HasCrCard,0.002253359507109676
Tenure,0.0017462443016931894
EstimatedSalary,0.0009884912653999045
