feature,importance
Age,0.2372438626133087
NumOfProducts,0.1870385880506146
IsActiveMember,0.1341740134557176
Balance,0.025985331003021493
Tenure,0.02001399111839064
CreditScore,0.012573360097822683
EstimatedSalary,0.0034796327910506354
HasCrCard,-0.005051611465556527
