feature,importance
Age,0.23665912392440536
NumOfProducts,0.18693926639695815
IsActiveMember,0.1340680517804818
Balance,0.028996568551060677
Tenure,0.015329681010422268
CreditScore,0.012785301956804652
EstimatedSalary,0.0015804899966232577
HasCrCard,-0.004186126773875909
