feature,importance
Age,0.23885816203325208
NumOfProducts,0.18404488341025463
IsActiveMember,0.13611576494643313
Balance,0.029784826129154562
Tenure,0.02129276349690723
CreditScore,0.016558415430516192
EstimatedSalary,0.0038779041962479386
HasCrCard,-0.004181187363527639
