{
    "f1_score": 0.5479999999999999,
    "roc_auc": 0.8355538080867551
}