{
    "f1_score": 0.5474137931034483,
    "roc_auc": 0.8684327537866781
}