{
    "f1_score": 0.05389221556886227,
    "roc_auc": 0.6616506992848645
}