{
    "f1_score": 0.5431034482758621,
    "roc_auc": 0.8675825781935107
}