{
    "f1_score": 0.5434782608695652,
    "roc_auc": 0.8685233293946668
}