{
    "f1_score": 0.5466377440347071,
    "roc_auc": 0.8684121684212261
}