{
    "f1_score": 0.5411255411255411,
    "roc_auc": 0.8680395733065448
}